[{
  "_id": {
    "$oid": "64f8751a502e1b80556da144"
  },
  "brandName": "Dell",
  "brandImg": "https://photo.teamrabbil.com/images/2023/08/15/Phones--Tablets-01-3944.png",
  "createdAt": {
    "$date": "2023-09-20T17:17:56.893Z"
  },
  "updatedAt": {
    "$date": "2023-09-20T17:17:56.893Z"
  }
},{
  "_id": {
    "$oid": "64f8751a502e1b80556da147"
  },
  "brandName": "Microsoft",
  "brandImg": "https://photo.teamrabbil.com/images/2023/08/15/Phones--Tablets-01-3944.png",
  "createdAt": {
    "$date": "2023-09-20T17:17:56.893Z"
  },
  "updatedAt": {
    "$date": "2023-09-20T17:17:56.893Z"
  }
},{
  "_id": {
    "$oid": "64f8751a502e1b80556da14b"
  },
  "brandName": "MSI",
  "brandImg": "https://photo.teamrabbil.com/images/2023/08/15/Phones--Tablets-01-3944.png",
  "createdAt": {
    "$date": "2023-09-20T17:17:56.893Z"
  },
  "updatedAt": {
    "$date": "2023-09-20T17:17:56.893Z"
  }
},{
  "_id": {
    "$oid": "64f8751a502e1b80556da142"
  },
  "brandName": "Apple",
  "brandImg": "https://photo.teamrabbil.com/images/2023/08/15/Phones--Tablets-01-3944.png",
  "createdAt": {
    "$date": "2023-09-20T17:17:56.893Z"
  },
  "updatedAt": {
    "$date": "2023-09-20T17:17:56.893Z"
  }
},{
  "_id": {
    "$oid": "64f8751a502e1b80556da143"
  },
  "brandName": "HP",
  "brandImg": "https://photo.teamrabbil.com/images/2023/08/15/Phones--Tablets-01-3944.png",
  "createdAt": {
    "$date": "2023-09-20T17:17:56.893Z"
  },
  "updatedAt": {
    "$date": "2023-09-20T17:17:56.893Z"
  }
},{
  "_id": {
    "$oid": "64f8751a502e1b80556da146"
  },
  "brandName": "Asus",
  "brandImg": "https://photo.teamrabbil.com/images/2023/08/15/Phones--Tablets-01-3944.png",
  "createdAt": {
    "$date": "2023-09-20T17:17:56.893Z"
  },
  "updatedAt": {
    "$date": "2023-09-20T17:17:56.893Z"
  }
},{
  "_id": {
    "$oid": "64f8751a502e1b80556da14a"
  },
  "brandName": "Samsung",
  "brandImg": "https://photo.teamrabbil.com/images/2023/08/15/Phones--Tablets-01-3944.png",
  "createdAt": {
    "$date": "2023-09-20T17:17:56.893Z"
  },
  "updatedAt": {
    "$date": "2023-09-20T17:17:56.893Z"
  }
},{
  "_id": {
    "$oid": "64f8751a502e1b80556da148"
  },
  "brandName": "Acer",
  "brandImg": "https://photo.teamrabbil.com/images/2023/08/15/Phones--Tablets-01-3944.png",
  "createdAt": {
    "$date": "2023-09-20T17:17:56.893Z"
  },
  "updatedAt": {
    "$date": "2023-09-20T17:17:56.893Z"
  }
},{
  "_id": {
    "$oid": "64f8751a502e1b80556da145"
  },
  "brandName": "Lenovo",
  "brandImg": "https://photo.teamrabbil.com/images/2023/08/15/Phones--Tablets-01-3944.png",
  "createdAt": {
    "$date": "2023-09-20T17:17:56.893Z"
  },
  "updatedAt": {
    "$date": "2023-09-20T17:17:56.893Z"
  }
},{
  "_id": {
    "$oid": "64f8751a502e1b80556da149"
  },
  "brandName": "Razer",
  "brandImg": "https://photo.teamrabbil.com/images/2023/08/15/Phones--Tablets-01-3944.png",
  "createdAt": {
    "$date": "2023-09-20T17:17:56.893Z"
  },
  "updatedAt": {
    "$date": "2023-09-20T17:17:56.893Z"
  }
}]