[{
  "_id": {
    "$oid": "64f875ed502e1b80556da14d"
  },
  "categoryName": "Laptop",
  "categoryImg": "https://photo.teamrabbil.com/images/2023/08/15/Phones--Tablets-01-3944.png",
  "createdAt": {
    "$date": "2023-09-20T17:17:56.893Z"
  },
  "updatedAt": {
    "$date": "2023-09-20T17:17:56.893Z"
  }
},
{
  "_id": {
    "$oid": "64f875ed502e1b80556da14e"
  },
  "categoryName": "Mobile",
  "categoryImg": "https://photo.teamrabbil.com/images/2023/08/15/Phones--Tablets-01-3944.png",
  "createdAt": {
    "$date": "2023-09-20T17:17:56.893Z"
  },
  "updatedAt": {
    "$date": "2023-09-20T17:17:56.893Z"
  }
},
{
  "_id": {
    "$oid": "64f875ed502e1b80556da14f"
  },
  "categoryName": "Headphone",
  "categoryImg": "https://photo.teamrabbil.com/images/2023/08/15/Phones--Tablets-01-3944.png",
  "createdAt": {
    "$date": "2023-09-20T17:17:56.893Z"
  },
  "updatedAt": {
    "$date": "2023-09-20T17:17:56.893Z"
  }
},
{
  "_id": {
    "$oid": "64f875ed502e1b80556da150"
  },
  "categoryName": "Smartwatch",
  "categoryImg": "https://photo.teamrabbil.com/images/2023/08/15/Phones--Tablets-01-3944.png",
  "createdAt": {
    "$date": "2023-09-20T17:17:56.893Z"
  },
  "updatedAt": {
    "$date": "2023-09-20T17:17:56.893Z"
  }
},
{
  "_id": {
    "$oid": "64f875ed502e1b80556da151"
  },
  "categoryName": "Television",
  "categoryImg": "https://photo.teamrabbil.com/images/2023/08/15/Phones--Tablets-01-3944.png",
  "createdAt": {
    "$date": "2023-09-20T17:17:56.893Z"
  },
  "updatedAt": {
    "$date": "2023-09-20T17:17:56.893Z"
  }
},
{
  "_id": {
    "$oid": "64f875ed502e1b80556da152"
  },
  "categoryName": "Camera",
  "categoryImg": "https://photo.teamrabbil.com/images/2023/08/15/Phones--Tablets-01-3944.png",
  "createdAt": {
    "$date": "2023-09-20T17:17:56.893Z"
  },
  "updatedAt": {
    "$date": "2023-09-20T17:17:56.893Z"
  }
},
{
  "_id": {
    "$oid": "64f875ed502e1b80556da153"
  },
  "categoryName": "Printer",
  "categoryImg": "https://photo.teamrabbil.com/images/2023/08/15/Phones--Tablets-01-3944.png",
  "createdAt": {
    "$date": "2023-09-20T17:17:56.893Z"
  },
  "updatedAt": {
    "$date": "2023-09-20T17:17:56.893Z"
  }
},
{
  "_id": {
    "$oid": "64f875ed502e1b80556da154"
  },
  "categoryName": "Keyboard",
  "categoryImg": "https://photo.teamrabbil.com/images/2023/08/15/Phones--Tablets-01-3944.png",
  "createdAt": {
    "$date": "2023-09-20T17:17:56.893Z"
  },
  "updatedAt": {
    "$date": "2023-09-20T17:17:56.893Z"
  }
},
{
  "_id": {
    "$oid": "64f875ed502e1b80556da155"
  },
  "categoryName": "Mouse",
  "categoryImg": "https://photo.teamrabbil.com/images/2023/08/15/Phones--Tablets-01-3944.png",
  "createdAt": {
    "$date": "2023-09-20T17:17:56.893Z"
  },
  "updatedAt": {
    "$date": "2023-09-20T17:17:56.893Z"
  }
},
{
  "_id": {
    "$oid": "64f875ed502e1b80556da156"
  },
  "categoryName": "Speaker",
  "categoryImg": "https://photo.teamrabbil.com/images/2023/08/15/Phones--Tablets-01-3944.png",
  "createdAt": {
    "$date": "2023-09-20T17:17:56.893Z"
  },
  "updatedAt": {
    "$date": "2023-09-20T17:17:56.893Z"
  }
}]