[{
  "_id": {
    "$oid": "65ad56a34173ab0e31d622cb"
  },
  "userID": {
    "$oid": "65749b6036b023a8b6c5ea73"
  },
  "payable": "73.5",
  "cus_details": "Name:Rabbil, Email:engr.rabbil@yahoo.com, Address:Dhaka, Phone:01785388919",
  "ship_details": "Name:Dhaka, City:Dhaka, Address:Dhaka, Phone:Dhaka",
  "tran_id": "45852361",
  "val_id": "0",
  "payment_status": "success",
  "delivery_status": "pending",
  "total": "70",
  "vat": "3.5",
  "createdAt": {
    "$date": "2024-01-21T17:38:43.385Z"
  },
  "updatedAt": {
    "$date": "2024-01-21T17:40:50.269Z"
  }
}]