[{
  "_id": {
    "$oid": "65749b6036b023a8b6c5ea73"
  },
  "email": "engr.rabbil@yahoo.com",
  "createdAt": {
    "$date": "2023-12-09T16:52:48.486Z"
  },
  "otp": "0",
  "updatedAt": {
    "$date": "2024-02-18T09:12:51.295Z"
  }
},{
  "_id": {
    "$oid": "6576002e36b023a8b6a599e5"
  },
  "email": "ayon4ayon789@gmail.com",
  "createdAt": {
    "$date": "2023-12-10T18:15:10.225Z"
  },
  "otp": "218540",
  "updatedAt": {
    "$date": "2023-12-11T06:18:18.945Z"
  }
},{
  "_id": {
    "$oid": "6579edc936b023a8b6748722"
  },
  "email": "sishahid483@gmail.com",
  "createdAt": {
    "$date": "2023-12-13T17:45:47.093Z"
  },
  "otp": "143365",
  "updatedAt": {
    "$date": "2023-12-13T17:45:47.093Z"
  }
},{
  "_id": {
    "$oid": "6588ce09ccebcd16b791d240"
  },
  "email": "drmizanurrahman452@gmail.com",
  "createdAt": {
    "$date": "2023-12-25T00:34:18.432Z"
  },
  "otp": "0",
  "updatedAt": {
    "$date": "2024-01-01T16:38:49.056Z"
  }
},{
  "_id": {
    "$oid": "65892446ccebcd16b7ff352a"
  },
  "email": "cseahmed01@gmail.com",
  "createdAt": {
    "$date": "2023-12-25T06:42:14.251Z"
  },
  "otp": "0",
  "updatedAt": {
    "$date": "2023-12-25T09:32:59.996Z"
  }
},{
  "_id": {
    "$oid": "6591b7ffccebcd16b784fa17"
  },
  "email": "tanvirgraphic@gmail.com",
  "createdAt": {
    "$date": "2023-12-31T18:50:40.617Z"
  },
  "otp": "0",
  "updatedAt": {
    "$date": "2023-12-31T18:50:55.049Z"
  }
},{
  "_id": {
    "$oid": "6596c660ccebcd16b79e0aa8"
  },
  "email": "supu345@gmail.com",
  "createdAt": {
    "$date": "2024-01-04T14:53:11.290Z"
  },
  "otp": "0",
  "updatedAt": {
    "$date": "2024-01-04T14:54:31.766Z"
  }
},{
  "_id": {
    "$oid": "6599369eccebcd16b78c0201"
  },
  "email": "engr.rehad@gmail.com",
  "createdAt": {
    "$date": "2024-01-06T11:16:46.311Z"
  },
  "otp": "0",
  "updatedAt": {
    "$date": "2024-01-06T11:17:58.178Z"
  }
},{
  "_id": {
    "$oid": "65b0b060965cde9b4b882255"
  },
  "email": "ashiktokder@gmail.com",
  "createdAt": {
    "$date": "2024-01-24T06:38:24.403Z"
  },
  "otp": "0",
  "updatedAt": {
    "$date": "2024-01-24T06:39:13.111Z"
  }
},{
  "_id": {
    "$oid": "65b0ba8b965cde9b4b8f7af9"
  },
  "email": "kigad65354@tsderp.com",
  "createdAt": {
    "$date": "2024-01-24T07:21:39.882Z"
  },
  "otp": "0",
  "updatedAt": {
    "$date": "2024-01-24T07:21:53.590Z"
  }
},{
  "_id": {
    "$oid": "65b3baf9965cde9b4b51c14a"
  },
  "email": "rahedhossen49@gmail.com",
  "createdAt": {
    "$date": "2024-01-26T14:00:25.321Z"
  },
  "otp": "0",
  "updatedAt": {
    "$date": "2024-01-26T14:01:18.512Z"
  }
},{
  "_id": {
    "$oid": "65b53040965cde9b4b9797b5"
  },
  "email": "dimot91633@giratex.com",
  "createdAt": {
    "$date": "2024-01-27T16:32:54.381Z"
  },
  "otp": "0",
  "updatedAt": {
    "$date": "2024-01-27T16:33:12.915Z"
  }
},{
  "_id": {
    "$oid": "65b8b943965cde9b4b89c62c"
  },
  "email": "tasnimayan22@gmail.com",
  "createdAt": {
    "$date": "2024-01-30T08:54:28.824Z"
  },
  "otp": "192978",
  "updatedAt": {
    "$date": "2024-02-06T06:03:59.196Z"
  }
},{
  "_id": {
    "$oid": "65c723f52b03f439038a8699"
  },
  "email": "rabbil@yahoo.com",
  "createdAt": {
    "$date": "2024-02-10T07:21:25.426Z"
  },
  "otp": "722508",
  "updatedAt": {
    "$date": "2024-02-10T07:21:25.426Z"
  }
},{
  "_id": {
    "$oid": "65c724362b03f439038ac093"
  },
  "email": "eng.rabbil@yahoo.com",
  "createdAt": {
    "$date": "2024-02-10T07:22:30.790Z"
  },
  "otp": "414580",
  "updatedAt": {
    "$date": "2024-02-10T07:22:30.790Z"
  }
},{
  "_id": {
    "$oid": "65c7a4892b03f4390304383a"
  },
  "email": "mdgolamkibria995@gmail.com",
  "createdAt": {
    "$date": "2024-02-10T16:29:57.709Z"
  },
  "otp": "0",
  "updatedAt": {
    "$date": "2024-02-10T16:30:25.341Z"
  }
}]