[{
  "_id": {
    "$oid": "65ba23a72b03f43903bb9b2d"
  },
  "productID": {
    "$oid": "64f8ba608fcc62fe3de37a2e"
  },
  "userID": {
    "$oid": "65b5e7a40269fdd3ef3d6722"
  },
  "createdAt": {
    "$date": "2024-01-31T10:40:40.463Z"
  },
  "updatedAt": {
    "$date": "2024-01-31T10:40:42.782Z"
  }
},{
  "_id": {
    "$oid": "65c7a4ca2b03f43903047b2e"
  },
  "productID": {
    "$oid": "64f8ba608fcc62fe3de37a2e"
  },
  "userID": {
    "$oid": "65c7a4892b03f4390304383a"
  },
  "createdAt": {
    "$date": "2024-02-10T16:31:02.253Z"
  },
  "updatedAt": {
    "$date": "2024-02-10T16:31:05.940Z"
  }
},{
  "_id": {
    "$oid": "65d1e89fbae0c4ddacb7f11b"
  },
  "productID": {
    "$oid": "64f87d60502e1b80556da15a"
  },
  "userID": {
    "$oid": "65749b6036b023a8b6c5ea73"
  },
  "createdAt": {
    "$date": "2024-02-18T11:23:11.784Z"
  },
  "updatedAt": {
    "$date": "2024-02-18T11:23:11.784Z"
  }
},{
  "_id": {
    "$oid": "65d1e8a1bae0c4ddacb7f11f"
  },
  "productID": {
    "$oid": "654dbf2eabda0c85053c9907"
  },
  "userID": {
    "$oid": "65749b6036b023a8b6c5ea73"
  },
  "createdAt": {
    "$date": "2024-02-18T11:23:13.175Z"
  },
  "updatedAt": {
    "$date": "2024-02-18T11:23:13.175Z"
  }
},{
  "_id": {
    "$oid": "65d1e8a2bae0c4ddacb7f125"
  },
  "productID": {
    "$oid": "654dbf2aabda0c85053c9905"
  },
  "userID": {
    "$oid": "65749b6036b023a8b6c5ea73"
  },
  "createdAt": {
    "$date": "2024-02-18T11:23:14.422Z"
  },
  "updatedAt": {
    "$date": "2024-02-18T11:23:14.422Z"
  }
},{
  "_id": {
    "$oid": "65d1e8a3bae0c4ddacb7f128"
  },
  "productID": {
    "$oid": "64f8ba608fcc62fe3de37a2e"
  },
  "userID": {
    "$oid": "65749b6036b023a8b6c5ea73"
  },
  "createdAt": {
    "$date": "2024-02-18T11:23:15.780Z"
  },
  "updatedAt": {
    "$date": "2024-02-18T11:23:15.780Z"
  }
},{
  "_id": {
    "$oid": "65d1e8a5bae0c4ddacb7f12b"
  },
  "productID": {
    "$oid": "654dbf25abda0c85053c9902"
  },
  "userID": {
    "$oid": "65749b6036b023a8b6c5ea73"
  },
  "createdAt": {
    "$date": "2024-02-18T11:23:17.317Z"
  },
  "updatedAt": {
    "$date": "2024-02-18T11:23:17.317Z"
  }
}]